time,perimeter,area,overl,location,diameter profile (pixels),Height (pixel intensity),length (pixels)
10061218,171.9827550649643,1163.5,72.0,[420 185],"[24.13087944074207, 23.338355264401358, 23.253698405259257, 24.068082287632237, 23.12453808741144, 23.078588727689485, 23.044017656075887, 23.019994737394065, 23.005659707604366, 23.000129537692168, 23.00250580817511, 23.011881988830908, 23.027350532401748, 23.0480097065183, 23.072970104012867, 23.10136078738119, 24.084723156100736, 23.310207248561053, 24.059774971374537, 23.705246889629215, 23.433443634862616, 23.311603286552327, 23.34139871629932, 23.368714002110732, 23.3930785722916, 24.342317577902886, 24.28836704001155, 23.448943798871788, 23.456217603078475, 23.459070351703357, 23.457442047485024, 23.504749047175373, 23.66261752097937, 23.418808693673803, 23.398456857133883, 23.41302952496983, 23.8189275933125, 23.304392046264855, 23.709245853761566, 23.23731021159739, 23.202427312737036, 23.16763232848065, 23.29726803703717, 23.54254275623532, 23.937731430215877, 23.03705724047778, 23.01821146057131, 23.005536014346383, 23.00011950511531, 23.003068617540567, 23.015499353944385, 23.038527642809036, 23.07325942136717, 23.144459907886954, 23.211858610427733, 23.69086708248478]","[217.98582088070575, 219.4107123659801, 220.47829099728236, 221.0, 221.0, 220.70593858352586, 220.19972613904474, 219.39610651739548, 218.40025660368707, 217.410467437985, 215.8509004718259, 214.16609030886298, 212.9652937661519, 211.22071323771078, 209.02460682517778, 207.07349358241206, 205.12227899833573, 181.5967974942845, 150.0, 150.0, 150.0, 150.0, 150.0, 158.95850329872627, 166.28517044181507, 158.09376947213588, 150.0, 150.0, 150.0, 150.0, 150.0, 149.7084125121673, 147.319391088254, 138.7642524472981, 132.70361482075214, 140.8480319518351, 150.0, 150.0, 138.62338679691263, 130.25125383641975, 127.14381798693613, 123.83986836989514, 119.18695522777585, 115.90940061312284, 150.0, 150.0, 150.0, 150.0, 150.0, 150.0, 150.0, 150.0, 150.0, 150.0, 150.0, 150.0]",56.071067811865476
10061230,,,,,,,
10061241,,,,,,,
10061303,,,,,,,
10061315,,,,,,,
10061326,,,,,,,
