time,perimeter,area,overl_set,centers_set
10061218,278.3675310611725,2971.0,27.0,[274 189]
10061230,270.20815074443817,2751.5,26.0,[271 186]
10061241,286.5512965917587,3236.5,64.0,[229 193]
10061303,334.06601536273956,4235.5,29.0,[253 191]
10061315,338.5512965917587,4475.5,25.0,[247 187]
10061326,342.30865597724915,4436.0,27.0,[232 186]
