time,perimeter,area,overl_set,centers_set
10061218,165.88224983215332,1044.0,142.0,[35 66]
10061230,307.66399443149567,4211.5,163.0,[30 49]
10061241,103.35533845424652,667.5,190.0,[28 52]
10061303,,,,
10061315,,,,
10061326,,,,
