perimeter,area,overl_set,centers_set
184.5096664428711,1700.0,0,[284  18]
307.66399443149567,4211.5,0,[290  42]
315.0782079696655,4429.0,0,[287  44]
319.0782079696655,4817.0,0,[279  46]
322.1076455116272,4139.0,0,[252  49]
339.1787132024765,4835.5,0,[249  54]
