time,perimeter,area,overl,location,diameter profile (pixels),Height (pixel intensity),length (pixels)
10061218,,,,,,,
10061230,,,,,,,
10061241,160.28427076339722,1329.0,45.0,[88 13],"[5.673087950801532, 8.471245352952918, 10.625391866031897, 12.857524081767838, 17.491497579978443, 19.671156784618606, 23.86955902099951, 26.55273984331452, 26.475799672811583, 25.702830918677556, 24.813486099120997, 25.073565289948718, 24.350005501326525, 24.778106502293337, 24.720847996902975, 24.253911605252462, 24.019400042730833, 24.00067896945191, 24.002009849352326, 24.78480403739317, 24.034271009961472, 24.05320572146239, 24.150822197284473, 24.877829391159665, 24.639682242038415, 24.196207493428133, 24.125013854869763, 24.125333624679424, 24.12089118086562, 24.11197747726571, 25.040717946740294, 24.124601947675398, 24.057528781163846, 24.03901930656316, 24.022104015769628, 24.008706007534535, 24.000989872708907, 24.001355581630957, 24.012429840701458, 24.037054147950037, 24.078268797726935, 24.171160596140318, 24.26598115359204, 24.448967692863555]","[85.02029723119588, 144.16036440724804, 150.0, 121.69896713095795, 107.69109952298919, 75.5266488658844, 87.83224975061788, 91.76190345415775, 100.32118077666541, 103.67730080715523, 109.99171336495294, 117.17143668389906, 121.1379153670369, 124.69237767554648, 125.72134881702719, 128.43468418465602, 130.7606017412126, 133.31205988527233, 134.84039491477344, 135.73376893064437, 136.3785434374283, 136.16303440356785, 135.74139029488956, 134.8503557310844, 133.46826867442905, 130.5026955836533, 127.70653078344304, 124.36801402201738, 120.1475833638796, 115.65726368698053, 107.82936439854576, 101.25036033352455, 94.05733571393608, 86.2713567632271, 78.39248980213044, 72.38514110239142, 68.20997806435986, 63.42738512283702, 58.62839042813281, 53.80589310335938, 49.919429801497735, 43.36527797944882, 38.49135895878706, 32.220694207272125]",21.071067811865476
10061303,,,,,,,
10061315,,,,,,,
10061326,,,,,,,
