time,perimeter,area,overl_set,centers_set
10061218,157.35533845424652,1299.5,108.0,[17 65]
10061230,356.59292674064636,3176.0,107.0,[13 46]
10061241,315.0782079696655,4429.0,116.0,[13 48]
10061303,364.0071402788162,3464.5,67.0,[18 48]
10061315,322.1076455116272,4139.0,75.0,[12 42]
10061326,318.5512965917587,2928.5,77.0,[10 40]
