perimeter,area,overl_set,centers_set
156.18376553058624,1257.5,59,[ 44 227]
164.42640614509583,1336.0,68,[ 44 226]
161.11269783973694,1323.0,85,[ 36 227]
176.42640614509583,1592.0,110,[ 25 224]
201.01219260692596,2247.5,39,[ 20 223]
