time,perimeter,area,overl_set,centers_set
10061218,305.0609630346298,3829.5,157.0,[ 91 164]
10061230,309.88939011096954,3864.5,166.0,[ 87 161]
10061241,294.69343197345734,4154.5,183.0,[ 80 165]
10061303,297.64674949645996,3602.0,117.0,[ 76 165]
10061315,321.6883796453476,4101.5,173.0,[ 65 161]
10061326,300.1320307254791,3649.0,155.0,[ 57 162]
