perimeter,area,overl_set,centers_set
165.88224983215332,1044.0,142,[35 66]
217.29646337032318,1420.5,163,[30 49]
230.36753106117249,1594.0,190,[28 52]
