perimeter,area,overl_set,centers_set
99.11269783973694,611.0,39,[232  15]
101.84061968326569,607.5,46,[224  15]
103.35533845424652,667.5,47,[224  16]
105.25483322143555,675.0,49,[216  15]
86.76955199241638,446.0,42,[203  12]
88.18376553058624,482.5,42,[203  12]
