perimeter,area,overl_set,centers_set
262.9360725879669,2842.0,0,[384  25]
356.59292674064636,3176.0,0,[401  14]
283.2792184352875,3210.0,0,[381  21]
364.0071402788162,3464.5,0,[393  14]
313.13708305358887,2763.0,0,[373  10]
318.5512965917587,2928.5,0,[372  11]
