perimeter,area,overl_set,centers_set
311.92387998104095,3759.5,27,[392 199]
314.16652059555054,3794.0,26,[390 196]
329.23758828639984,4174.5,0,[386 200]
334.06601536273956,4235.5,29,[380 198]
338.5512965917587,4475.5,25,[378 194]
342.30865597724915,4436.0,27,[366 192]
