time,perimeter,area,overl_set,centers_set
10061218,261.13708305358887,2680.0,113.0,[ 68 187]
10061230,351.8650048971176,3605.5,109.0,[ 65 186]
10061241,317.64674949645996,4203.0,172.0,[ 57 189]
10061303,212.99494767189026,2131.0,101.0,[ 41 185]
10061315,274.1076455116272,2872.0,167.0,[ 52 189]
10061326,251.1787132024765,2276.5,133.0,[ 44 190]
