time,perimeter,area,overl,location,diameter profile (pixels),Height (pixel intensity),length (pixels)
10061218,99.79898953437805,526.0,61.0,[40 21],"[16.003248356187758, 18.543818569588836, 17.904882099107553, 17.392737097265925, 16.686697244142337, 17.158652950195158, 16.725726069177377, 15.701830901973963, 16.403379309665258, 16.261401515205023, 15.962285001794747, 15.11924109995741, 15.61054701858211, 15.012868755831636, 15.00022750000364, 15.023702108516435, 15.097743646337905, 15.22069622827696, 15.77598069906627, 15.683878661206256, 17.31008919649232, 16.529691567113844, 18.469180126431695, 18.02924750049816, 17.686579835932406, 17.632805789690554, 17.083964852646442, 16.042062671779867, 34.91897439469207, 35.42318044119562, 34.32184490505308, 34.91536936488896, 21.781437179640648, 13.671152656050976, 10.610390957523506, 7.176600214906985]","[150.0, 150.0, 150.0, 150.0, 136.49953048289404, 91.95799806201899, 92.83123297440568, 93.86558005055757, 94.5, 127.55625736853067, 150.0, 150.0, 150.0, 150.0, 150.0, 150.0, 130.7663850723315, 102.35065794059761, 92.56052147891006, 93.5, 92.68299292134454, 91.5, 92.30835930881494, 113.79906425146117, 146.30437847865238, 150.0, 145.17851918700163, 142.74469893279047, 135.2028176888619, 150.0, 86.58462457477157, 77.12761830169146, 87.8077253843453, 63.43209180894519, 112.72587578578774, 145.54920680756862]",28.48528137423857
10061230,,,,,,,
10061241,,,,,,,
10061303,,,,,,,
10061315,,,,,,,
10061326,,,,,,,
