perimeter,area,overl_set,centers_set
175.11269783973694,1736.0,59,[ 18 226]
185.94112491607666,1893.0,78,[ 18 224]
166.3847759962082,1364.5,88,[ 13 225]
153.2132030725479,757.5,78,[  5 222]
