perimeter,area,overl_set,centers_set
158.1248904466629,1291.5,39,[206  16]
163.78174459934235,1386.5,46,[199  17]
174.02438521385193,1599.0,47,[197  20]
178.2670258283615,1703.5,49,[190  21]
166.85281229019165,1479.0,42,[181  18]
172.85281229019165,1610.0,42,[180  18]
