perimeter,area,overl_set,centers_set
237.88224983215332,2943.0,131,[63 76]
330.3502861261368,4395.5,86,[65 54]
294.69343197345734,4154.5,152,[57 67]
288.20815074443817,3823.5,97,[49 68]
342.3502861261368,4664.5,107,[39 54]
340.0071402788162,4568.5,100,[37 52]
