perimeter,area,overl_set,centers_set
261.13708305358887,2680.0,113,[ 68 187]
270.20815074443817,2751.5,109,[ 65 186]
286.5512965917587,3236.5,172,[ 57 189]
212.99494767189026,2131.0,101,[ 41 185]
274.1076455116272,2872.0,167,[ 52 189]
251.1787132024765,2276.5,133,[ 44 190]
