perimeter,area,overl_set,centers_set
305.0609630346298,3829.5,157,[ 91 164]
309.88939011096954,3864.5,166,[ 87 161]
317.64674949645996,4203.0,183,[ 80 165]
297.64674949645996,3602.0,117,[ 76 165]
321.6883796453476,4101.5,173,[ 65 161]
300.1320307254791,3649.0,155,[ 57 162]
