time,perimeter,area,overl,location,diameter profile (pixels),Height (pixel intensity),length (pixels)
10061218,90.91168737411499,488.0,72.0,[105 204],"[27.025828791744015, 27.30731415383707, 28.7158427662498, 28.237112079151398, 28.36626795257063, 29.608935519244117, 29.613374601435407, 31.223322002787143, 30.450934791391134, 31.971691624163334, 32.07810921665669, 33.39199741949463, 34.59944708247133, 35.73632509710972, 33.26324005618413, 31.11779656344484, 29.795902836679993, 29.08499893975412, 27.593124450640634, 26.325878628361778, 25.832919318796456, 25.053384453019884, 25.01714241561676, 25.981116603707406, 26.47908287261245, 28.084136268954875, 22.165890656729683, 17.01139309795556]","[127.52538910170789, 131.00181157404435, 133.78728218463473, 127.0625740697248, 124.40591622742912, 130.06632924046022, 133.54123930647376, 138.331257820698, 143.13192933994065, 147.5065251987955, 149.8609118926562, 150.0, 150.0, 149.99999999999997, 150.0, 150.0, 150.0, 150.0, 150.0, 150.16685915489853, 149.99999999999997, 150.0, 150.0, 150.0, 140.23151287804518, 114.05102500477349, 102.45109346125952, 147.69684474742027]",
10061230,,,,,,,
10061241,,,,,,,
10061303,,,,,,,
10061315,,,,,,,
10061326,,,,,,,
