perimeter,area,overl_set,centers_set
157.35533845424652,1299.5,108,[17 65]
221.01219260692596,1991.5,107,[13 46]
229.01219260692596,1850.5,116,[13 48]
242.22539567947388,2807.0,67,[18 48]
188.6690467596054,1358.5,75,[12 42]
182.42640614509583,1207.0,77,[10 40]
