time,perimeter,area,overl,location,diameter profile (pixels),Height (pixel intensity),length (pixels)
10061218,133.55634891986847,1098.5,71.0,[16 20],"[30.84756936439939, 30.18921531709735, 29.061692115669842, 29.02026967821671, 29.063034027911403, 29.34661720183896, 31.922440594928524, 38.00580701804938]","[161.8427613497113, 150.0, 150.0, 150.0, 150.0, 150.0, 150.0, 170.34585665678662]",
10061230,,,,,,,
10061241,,,,,,,
10061303,,,,,,,
10061315,,,,,,,
10061326,,,,,,,
