time,perimeter,area,overl_set,centers_set
10061218,156.18376553058624,1257.5,59.0,[ 44 227]
10061230,185.94112491607666,1893.0,68.0,[ 44 226]
10061241,166.3847759962082,1364.5,85.0,[ 36 227]
10061303,176.42640614509583,1592.0,110.0,[ 25 224]
10061315,201.01219260692596,2247.5,39.0,[ 20 223]
10061326,,,,
