time,perimeter,area,overl_set,centers_set
10061218,184.5096664428711,1700.0,0.0,[284  18]
10061230,163.78174459934235,1386.5,0.0,[290  42]
10061241,129.15432798862457,824.5,0.0,[287  44]
10061303,105.25483322143555,675.0,0.0,[279  46]
10061315,313.13708305358887,2763.0,0.0,[252  49]
10061326,88.18376553058624,482.5,0.0,[249  54]
