time,perimeter,area,overl_set,centers_set
10061218,175.11269783973694,1736.0,59.0,[ 18 226]
10061230,314.16652059555054,3794.0,78.0,[ 18 224]
10061241,426.8944424390793,4578.5,88.0,[ 13 225]
10061303,153.2132030725479,757.5,78.0,[  5 222]
10061315,,,,
10061326,,,,
