perimeter,area,overl_set,centers_set
370.14927566051483,3890.5,35,[203 231]
382.29141104221344,4243.5,37,[203 229]
378.14927566051483,4122.5,118,[189 233]
376.73506212234497,4353.0,36,[185 230]
391.4629839658737,4532.5,53,[184 229]
409.7056245803833,4597.0,61,[167 228]
