perimeter,area,overl_set,centers_set
278.3675310611725,2971.0,27,[274 189]
275.6812393665314,2935.0,26,[271 186]
426.8944424390793,4578.5,64,[229 193]
302.2670258283615,3712.5,29,[253 191]
309.09545290470123,3734.5,25,[247 187]
318.5096664428711,3788.0,27,[232 186]
