time,perimeter,area,overl,location,diameter profile (pixels),Height (pixel intensity),length (pixels)
10061218,70.97056245803833,305.0,19.0,[  8 178],"[14.741670731689148, 15.299611586321273, 17.02725498465372, 16.773472246826532, 16.77599430507212, 16.161622437266168, 15.800760491619872, 14.668106817246162, 13.342248541184178, 13.06069963813008, 14.18807646375635, 15.325484541681924, 14.154587268295721, 15.805830214732008]","[76.47718482022803, 80.79284968306567, 85.47312852950121, 86.74396561841948, 113.70191439856927, 150.0, 150.0, 150.0, 150.0, 150.0, 150.0, 150.0, 150.0, 146.4849336596834]",
10061230,,,,,,,
10061241,,,,,,,
10061303,,,,,,,
10061315,,,,,,,
10061326,,,,,,,
