time,perimeter,area,overl_set,centers_set
10061218,158.1248904466629,1291.5,39.0,[206  16]
10061230,221.01219260692596,1991.5,46.0,[199  17]
10061241,229.01219260692596,1850.5,47.0,[197  20]
10061303,242.22539567947388,2807.0,49.0,[190  21]
10061315,342.3502861261368,4664.5,42.0,[181  18]
10061326,340.0071402788162,4568.5,42.0,[180  18]
