time,perimeter,area,overl_set,centers_set
10061218,237.88224983215332,2943.0,131.0,[63 76]
10061230,217.29646337032318,1420.5,86.0,[65 54]
10061241,230.36753106117249,1594.0,152.0,[57 67]
10061303,288.20815074443817,3823.5,97.0,[49 68]
10061315,188.6690467596054,1358.5,107.0,[39 54]
10061326,182.42640614509583,1207.0,100.0,[37 52]
